<?xml version='1.0' encoding='utf-8'?>
<widget id="com.intuitivecompany.allocate" version="1.0.0" xmlns="http://www.w3.org/ns/widgets" xmlns:gap="http://phonegap.com/ns/1.0">
    <name>Hello Cordova</name>
    <description>
        A sample Apache Cordova application that responds to the deviceready event.
    </description>
    <access origin="*" />
    <content src="index.html" />
    <preference name="AllowInlineMediaPlayback" value="false" />
    <preference name="BackupWebStorage" value="cloud" />
    <preference name="DisallowOverscroll" value="false" />
    <preference name="EnableViewportScale" value="false" />
    <preference name="KeyboardDisplayRequiresUserAction" value="true" />
    <preference name="MediaPlaybackRequiresUserAction" value="false" />
    <preference name="SuppressesIncrementalRendering" value="false" />
    <preference name="TopActivityIndicator" value="gray" />
    <preference name="GapBetweenPages" value="0" />
    <preference name="PageLength" value="0" />
    <preference name="PaginationBreakingMode" value="page" />
    <preference name="PaginationMode" value="unpaginated" />
    <feature name="LocalStorage">
        <param name="ios-package" value="CDVLocalStorage" />
    </feature>
    <name>allocate</name>
    <description>
        Let's make sure all the right people are in all the right places.
    </description>
    <author email="amartlage@intuitivecompany.com" href="http://www.intuitivecompany.com">
        Intuitive Company
    </author>
    <gap:plugin name="org.apache.cordova.battery-status" />
    <gap:plugin name="org.apache.cordova.camera" />
    <gap:plugin name="org.apache.cordova.media-capture" />
    <gap:plugin name="org.apache.cordova.console" />
    <gap:plugin name="org.apache.cordova.contacts" />
    <gap:plugin name="org.apache.cordova.device" />
    <gap:plugin name="org.apache.cordova.device-motion" />
    <gap:plugin name="org.apache.cordova.device-orientation" />
    <gap:plugin name="org.apache.cordova.dialogs" />
    <gap:plugin name="org.apache.cordova.file" />
    <gap:plugin name="org.apache.cordova.file-transfer" />
    <gap:plugin name="org.apache.cordova.geolocation" />
    <gap:plugin name="org.apache.cordova.globalization" />
    <gap:plugin name="org.apache.cordova.inappbrowser" />
    <gap:plugin name="org.apache.cordova.media" />
    <gap:plugin name="org.apache.cordova.network-information" />
    <gap:plugin name="org.apache.cordova.splashscreen" />
    <gap:plugin name="org.apache.cordova.vibration" />
    <preference name="permissions" value="none" />
    <preference name="phonegap-version" value="3.3.0" />
    <preference name="orientation" value="portrait" />
    <preference name="target-device" value="universal" />
    <preference name="fullscreen" value="false" />
    <preference name="webviewbounce" value="false" />
    <preference name="prerendered-icon" value="true" />
    <preference name="stay-in-webview" value="false" />
    <preference name="detect-data-types" value="true" />
    <preference name="exit-on-suspend" value="false" />
    <preference name="show-splash-screen-spinner" value="false" />
    <preference name="auto-hide-splash-screen" value="false" />
    <preference name="disable-cursor" value="false" />
    <preference name="android-minSdkVersion" value="7" />
    <preference name="android-installLocation" value="auto" />
    <preference name="DisallowOverscroll" value="true" />
    <preference name="UIWebViewBounce" value="false" />
    <preference name="AllowInlineMediaPlayback" value="yes" />
    <preference name="StatusBarOverlaysWebView" value="false" />
    <preference name="ios-statusbarstyle" value="white-opaque" />
    <icon src="icon.png" />
    <icon gap:density="ldpi" gap:platform="android" src="res/icon/android/icon-36-ldpi.png" />
    <icon gap:density="mdpi" gap:platform="android" src="res/icon/android/icon-48-mdpi.png" />
    <icon gap:density="hdpi" gap:platform="android" src="res/icon/android/icon-72-hdpi.png" />
    <icon gap:density="xhdpi" gap:platform="android" src="res/icon/android/icon-96-xhdpi.png" />
    <icon gap:platform="blackberry" src="res/icon/blackberry/icon-80.png" />
    <icon gap:platform="blackberry" gap:state="hover" src="res/icon/blackberry/icon-80.png" />
    <icon gap:platform="ios" height="57" src="res/icon/ios/icon-57.png" width="57" />
    <icon gap:platform="ios" height="72" src="res/icon/ios/icon-72.png" width="72" />
    <icon gap:platform="ios" height="114" src="res/icon/ios/icon-57-2x.png" width="114" />
    <icon gap:platform="ios" height="144" src="res/icon/ios/icon-72-2x.png" width="144" />
    <icon gap:platform="webos" src="res/icon/webos/icon-64.png" />
    <icon gap:platform="winphone" src="res/icon/windows-phone/icon-48.png" />
    <icon gap:platform="winphone" gap:role="background" src="res/icon/windows-phone/icon-173.png" />
    <gap:splash gap:density="ldpi" gap:platform="android" src="res/screen/android/screen-ldpi-portrait.png" />
    <gap:splash gap:density="mdpi" gap:platform="android" src="res/screen/android/screen-mdpi-portrait.png" />
    <gap:splash gap:density="hdpi" gap:platform="android" src="res/screen/android/screen-hdpi-portrait.png" />
    <gap:splash gap:density="xhdpi" gap:platform="android" src="res/screen/android/screen-xhdpi-portrait.png" />
    <gap:splash gap:platform="blackberry" src="res/screen/blackberry/screen-225.png" />
    <gap:splash gap:platform="ios" height="480" src="res/screen/ios/screen-iphone-portrait.png" width="320" />
    <gap:splash gap:platform="ios" height="960" src="res/screen/ios/screen-iphone-portrait-2x.png" width="640" />
    <gap:splash gap:platform="ios" height="1024" src="res/screen/ios/screen-ipad-portrait.png" width="768" />
    <gap:splash gap:platform="ios" height="768" src="res/screen/ios/screen-ipad-landscape.png" width="1024" />
    <gap:splash gap:platform="ios" height="1136" src="res/screen/ios/screen-iphone-portrait-568h-2x.png" width="640" />
    <gap:splash gap:platform="winphone" src="res/screen/windows-phone/screen-portrait.jpg" />
    <access origin="http://127.0.0.1*" />
    <access origin="https://api.parse.com*" />
    <access origin="https://allocate.parseapp.com*" />
</widget>
